Date,Prediction_Signal,Actual_Returns,annStrategyReturns,cumActual_Returns,cumANNStrategyReturns
2021-04-06 00:00:00+00:00,-1,-0.0368333901223608,0.0368333901223608,0.9631666098776392,1.0368333901223608
2021-04-07 00:00:00+00:00,1,0.0405898082367752,0.0405898082367752,1.0022613578726376,1.078918258600913
2021-04-08 00:00:00+00:00,1,-0.0013536328475677,-0.0013536328475677,1.0009046639767734,1.0774577994062302
2021-04-09 00:00:00+00:00,1,0.0265813437190596,0.0265813437190596,1.0275100548799498,1.106098075515029
2021-04-10 00:00:00+00:00,1,0.0068859039497308,0.0068859039497308,1.0345853904252358,1.1137145606220076
2021-04-11 00:00:00+00:00,1,-0.0051741865402374,-0.0051741865402374,1.0292322526233713,1.1079519937327709
2021-04-12 00:00:00+00:00,1,0.0602737647922182,0.0602737647922182,1.0912679553345572,1.1747324316040892
2021-04-13 00:00:00+00:00,1,-0.006200634377373,-0.006200634377373,1.0845014017357844,1.16744834530447
2021-04-14 00:00:00+00:00,-1,0.0032374804732979,-0.0032374804732979,1.0880124538471683,1.1636687540829629
2021-04-15 00:00:00+00:00,-1,-0.0275013793784661,0.0275013793784661,1.0580906105854215,1.1956712499598656
2021-04-16 00:00:00+00:00,1,-0.0144376885233774,-0.0144376885233774,1.042814227920279,1.1784085208765878
2021-04-17 00:00:00+00:00,1,-0.0736215468265391,-0.0736215468265391,0.966040631408065,1.0916522627760794
2021-04-18 00:00:00+00:00,1,-0.0087504689451151,-0.0087504689451151,0.9575873228632092,1.0820997935517926
2021-04-19 00:00:00+00:00,1,0.0134369760929442,0.0134369760929442,0.9704544008274287,1.096639942607928
2021-04-20 00:00:00+00:00,1,-0.0454542876384026,-0.0454542876384026,0.9263430873522651,1.046792955220866
2021-04-21 00:00:00+00:00,1,-0.0397694659817468,-0.0397694659817468,0.8895029174523829,1.0051625583982775
2021-04-22 00:00:00+00:00,1,-0.0129171508387729,-0.0129171508387729,0.878013074096122,0.9921787220139601
2021-04-23 00:00:00+00:00,1,-0.0204092897731074,-0.0204092897731074,0.8600934508423174,0.9719290589696657
2021-04-24 00:00:00+00:00,1,-0.0209109919580251,-0.0209109919580251,0.8421080436086036,0.9516050582337802
2021-04-25 00:00:00+00:00,1,0.1023890703366074,0.1023890703366074,0.9283307033166678,1.0490390154739502
2021-04-26 00:00:00+00:00,1,0.0187214077315063,0.0187214077315063,0.9457103609231351,1.068678502608896
2021-04-27 00:00:00+00:00,1,-0.0037870662821065,-0.0037870662821065,0.9421288931026444,1.064631346285254
2021-04-28 00:00:00+00:00,1,-0.0231573301383015,-0.0231573301383015,0.9203117032922339,1.039977326723742
2021-04-29 00:00:00+00:00,1,0.0783317680648467,0.0783317680648467,0.9924013461818852,1.1214405894733654
2021-04-30 00:00:00+00:00,-1,0.0013484807439372,-0.0013484807439372,0.9937395802874689,1.119928348432991
2021-05-01 00:00:00+00:00,1,-0.0206988241878991,-0.0206988241878991,0.9731703394265419,1.0967471484457323
2021-05-02 00:00:00+00:00,1,0.0100512803675323,0.0100512803675323,0.9829519473534847,1.1077708615270518
2021-05-03 00:00:00+00:00,-1,-0.0676002465295502,0.0676002465295502,0.9165041533856877,1.1826564448645327
2021-05-04 00:00:00+00:00,1,0.0766959932136981,0.0766959932136981,0.9867963497140826,1.2733614555339992
2021-05-05 00:00:00+00:00,-1,-0.0178930768965995,0.0178930768965995,0.9691395267473648,1.296145809975035
2021-05-06 00:00:00+00:00,-1,0.0170203195731561,-0.0170203195731561,0.9856345912035823,1.2740849940758525
2021-05-07 00:00:00+00:00,-1,0.0252347591699624,-0.0252347591699624,1.010506842742189,1.2419337660882854
2021-05-08 00:00:00+00:00,-1,-0.0097180991309351,0.0097180991309351,1.0006866370719323,1.254003001541187
2021-05-09 00:00:00+00:00,1,-0.0407423176282123,-0.0407423176282123,0.95991634425804,1.2029120129456643
2021-05-10 00:00:00+00:00,1,0.0151231724963196,0.0151231724963196,0.9744333247142909,1.2211038588153367
2021-05-11 00:00:00+00:00,1,-0.1332174549686006,-0.1332174549686006,0.8446217971592611,1.0584315104916202
2021-05-12 00:00:00+00:00,1,0.0115086488519764,0.0115086488519764,0.8543422528354924,1.0706126270797354
2021-05-13 00:00:00+00:00,1,0.0033056383715535,0.0033056383715535,0.8571663993689048,1.07415168526088
2021-05-14 00:00:00+00:00,-1,-0.0625564189813834,0.0625564189813834,0.8035451389532198,1.1413467681336187
2021-05-15 00:00:00+00:00,1,-0.0065040138312105,-0.0065040138312105,0.7983188702554661,1.1339234329674703
2021-05-16 00:00:00+00:00,-1,-0.0628238159530961,0.0628238159530961,0.7481654324786532,1.2051608300251215
2021-05-17 00:00:00+00:00,-1,-0.0144268551463747,0.0144268551463747,0.7373717581587589,1.2225475107479786
2021-05-18 00:00:00+00:00,-1,-0.1376612260916373,0.1376612260916373,0.6358642578452779,1.3908449000328245
2021-05-19 00:00:00+00:00,-1,0.1021634446629102,-0.1021634446629102,0.7008263407647765,1.2487513940536301
2021-05-20 00:00:00+00:00,-1,-0.0852823282981722,0.0852823282981722,0.6410582386916681,1.355247820404112
2021-05-21 00:00:00+00:00,-1,0.0062174862599491,-0.0062174862599491,0.6450440094825607,1.3468215857019235
2021-05-22 00:00:00+00:00,-1,-0.0736893688644572,0.0736893688644572,0.5975111235339918,1.4460680183253256
2021-05-23 00:00:00+00:00,-1,0.1131818395781545,-0.1131818395781545,0.665138531663979,1.2823993798561288
2021-05-24 00:00:00+00:00,-1,-0.0078478263260955,0.0078478263260955,0.6599186399846859,1.2924634274699323
2021-05-25 00:00:00+00:00,-1,0.023227211885217,-0.023227211885217,0.6752467100626145,1.2624431055861942
2021-05-26 00:00:00+00:00,-1,-0.0218157001744154,0.0218157001744154,0.6605157302921281,1.2899841858649206
2021-05-27 00:00:00+00:00,-1,-0.0712689728232016,0.0712689728232016,0.6134414526606412,1.3819200337496875
2021-05-28 00:00:00+00:00,-1,-0.0302972439831233,0.0302972439831233,0.5948558673000202,1.4237884021773677
2021-05-29 00:00:00+00:00,-1,0.0306812012530759,-0.0306812012530759,0.6131067598812251,1.3801048636683684
2021-05-30 00:00:00+00:00,-1,0.0463792977162018,-0.0463792977162018,0.6415422208295724,1.316096569316715
2021-05-31 00:00:00+00:00,-1,-0.0173554816358035,0.0173554816358035,0.6304079465973721,1.3389380591564353
2021-06-01 00:00:00+00:00,-1,0.0242675673261145,-0.0242675673261145,0.6457064138843415,1.3064452896603596
2021-06-02 00:00:00+00:00,-1,0.0434751330821563,-0.0434751330821563,0.6737785861599651,1.2496474068278192
2021-06-03 00:00:00+00:00,-1,-0.0590265808705882,0.0590265808705882,0.6340077399551234,1.3234098205466622
2021-06-04 00:00:00+00:00,-1,-0.0363862535055703,0.0363862535055703,0.6109385736046226,1.3715637457688343
2021-06-05 00:00:00+00:00,-1,0.008731498936251,-0.008731498936251,0.6162729831101661,1.3595879383816534
2021-06-06 00:00:00+00:00,-1,-0.064180680289418,0.064180680289418,0.5767201638101666,1.4468472171802753
2021-06-07 00:00:00+00:00,-1,-0.0026243254847995,0.0026243254847995,0.5752066623866818,1.4506442152049328
2021-06-08 00:00:00+00:00,-1,0.1156911768172552,-0.1156911768172552,0.6417529980713227,1.2828174788047306
2021-06-09 00:00:00+00:00,-1,-0.0172050168450927,0.0172050168450927,0.6307116269291169,1.3048883751367455
2021-06-10 00:00:00+00:00,-1,0.0172140617175746,-0.0172140617175746,0.6415687358010667,1.282425946112596
2021-06-11 00:00:00+00:00,-1,-0.0477276422568579,0.0477276422568579,0.6109481726955688,1.3436331128895707
2021-06-12 00:00:00+00:00,-1,0.0997213189467518,-0.0997213189467518,0.6718727302848788,1.2096442466916928
2021-06-13 00:00:00+00:00,-1,0.0286618552885926,-0.0286618552885926,0.6911298492526556,1.1749735983423368
2021-06-14 00:00:00+00:00,-1,0.0046693207898655,-0.0046693207898655,0.6943569562262677,1.169487269692054
2021-06-15 00:00:00+00:00,-1,-0.0509625623730847,0.0509625623730847,0.6589707465354012,1.2290873376182638
2021-06-16 00:00:00+00:00,-1,-0.0076553085063556,0.0076553085063556,0.6539261221740093,1.2384963803689868
2021-06-17 00:00:00+00:00,-1,-0.0595545108824469,0.0595545108824469,0.6149818718146809,1.3122544265315428
2021-06-18 00:00:00+00:00,-1,-0.0047887171745782,0.0047887171745782,0.6120368975630677,1.3185384418412907
2021-06-19 00:00:00+00:00,-1,0.0023142991795155,-0.0023142991795155,0.6134533340529311,1.3154869494071777
2021-06-20 00:00:00+00:00,-1,-0.1126553328218126,0.1126553328218126,0.5443445445345476,1.463683569515394
2021-06-21 00:00:00+00:00,-1,0.026169612701373,-0.026169612701373,0.5585898304411221,1.425379537383813
2021-06-22 00:00:00+00:00,-1,0.0374509295196066,-0.0374509295196066,0.5795095388113416,1.3719977487905624
2021-06-23 00:00:00+00:00,-1,0.0278566377411577,-0.0278566377411577,0.5956527261015545,1.33377850452082
2021-06-24 00:00:00+00:00,-1,-0.0872604012088013,0.0872604012088013,0.5436758302408167,1.4501645519489819
2021-06-25 00:00:00+00:00,-1,0.0173368061559611,-0.0173368061559611,0.5531014327213829,1.425023330217596
2021-06-26 00:00:00+00:00,-1,0.076534703320648,-0.076534703320648,0.5954328867809393,1.3159595924143905
2021-06-27 00:00:00+00:00,-1,-0.0062138759765866,0.0062138759765866,0.5917329406701016,1.3241368021118531
2021-06-28 00:00:00+00:00,-1,0.0416282575871875,-0.0416282575871875,0.6163657519471406,1.2690152942328663
2021-06-29 00:00:00+00:00,-1,-0.0230552732143045,0.0230552732143045,0.602155271136059,1.2982727885545362
2021-06-30 00:00:00+00:00,-1,-0.0419144895007543,0.0419144895007543,0.5769162403462028,1.3526892297195203
2021-07-01 00:00:00+00:00,-1,0.0096785581226608,-0.0096785581226608,0.5824999577103005,1.3395971483877827
2021-07-02 00:00:00+00:00,-1,0.0227600947907058,-0.0227600947907058,0.5957577119633691,1.3091077903091175
2021-07-03 00:00:00+00:00,-1,0.0178615612945272,-0.0178615612945272,0.6063988748522902,1.285725081271368
2021-07-04 00:00:00+00:00,-1,-0.0436915354022151,0.0436915354022151,0.5799043769438179,1.341900384177252
2021-07-05 00:00:00+00:00,-1,0.0144962765846001,-0.0144962765846001,0.5883108311846157,1.3224478250592375
2021-07-06 00:00:00+00:00,-1,-0.0110958089776488,0.0110958089776488,0.5817830465823094,1.337121453509002
2021-07-07 00:00:00+00:00,-1,-0.0288863551296624,0.0288863551296624,0.5649774548903159,1.375746018666553
2021-07-08 00:00:00+00:00,-1,0.0280022579169967,-0.0280022579169967,0.5807980992994429,1.3372220238235708
2021-07-09 00:00:00+00:00,-1,-0.0082103110031782,0.0082103110031782,0.5760295662741397,1.3482010325194616
2021-07-10 00:00:00+00:00,1,0.0214694753784792,0.0214694753784792,0.5883966188645384,1.3771462013923783
2021-07-11 00:00:00+00:00,1,-0.0316686304287907,-0.0316686304287907,0.5697629037961673,1.33353386729407
2021-07-12 00:00:00+00:00,1,-0.0136875482819831,-0.0136875482819831,0.5619642465411744,1.3152810580998227
2021-07-13 00:00:00+00:00,1,0.0036793520947939,0.0036793520947939,0.5640319108688849,1.320120440216185
2021-07-14 00:00:00+00:00,1,-0.0317349995316881,-0.0317349995316881,0.5461323584416037,1.2782264186641525
2021-07-15 00:00:00+00:00,1,-0.0113021759082344,-0.0113021759082344,0.5399598744573177,1.2637796788298579
2021-07-16 00:00:00+00:00,1,0.0035494536614886,0.0035494536614886,0.5418764370107672,1.2682654062381955
2021-07-17 00:00:00+00:00,1,0.008363987433579,0.008363987433579,0.5464086847204778,1.2788731621584148
2021-07-18 00:00:00+00:00,1,-0.030788575922789,-0.030788575922789,0.52958553944609,1.2394984787096832
2021-07-19 00:00:00+00:00,1,-0.0327889506950178,-0.0327889506950178,0.5122209853043977,1.1988566242047218
2021-07-20 00:00:00+00:00,-1,0.0772744267516882,-0.0772744267516882,0.55180256831398,1.1062156658118378
2021-07-21 00:00:00+00:00,-1,0.006303573302191,-0.006303573302191,0.5552808962516844,1.099242554274361
2021-07-22 00:00:00+00:00,-1,0.039254825375008,-0.039254825375008,0.5770783508681222,1.0560919797615431
2021-07-23 00:00:00+00:00,-1,0.0211691990009861,-0.0211691990009861,0.5892946373168104,1.0337353584786255
2021-07-24 00:00:00+00:00,-1,0.0308447583093305,-0.0308447583093305,0.607471287977832,1.001850041190543
2021-07-25 00:00:00+00:00,-1,0.0562188717174414,-0.0562188717174414,0.6416226383886867,0.9455271622447385
2021-07-26 00:00:00+00:00,-1,0.0554242866150631,-0.0554242866150631,0.6771841153974543,0.8931219938021588
2021-07-27 00:00:00+00:00,-1,0.01494571318485,-0.01494571318485,0.6873051149595211,0.8797736486437103
2021-07-28 00:00:00+00:00,-1,0.0003129226506775,-0.0003129226506775,0.6875201882979184,0.8794983475415805
2021-07-29 00:00:00+00:00,-1,0.0556664046124664,-0.0556664046124664,0.7257919652789494,0.8305398366713352
2021-07-30 00:00:00+00:00,-1,-0.0144274576177131,0.0144274576177131,0.7153206324606106,0.8425224149647332
2021-07-31 00:00:00+00:00,-1,-0.0396697504745078,0.0396697504745078,0.686944041461631,0.8759450689355639
2021-08-01 00:00:00+00:00,-1,-0.0193358663684717,0.0193358663684717,0.673661383273311,0.8928822257346237
2021-08-02 00:00:00+00:00,-1,-0.0267579793652619,0.0267579793652619,0.65563556588051,0.9167739499064399
2021-08-03 00:00:00+00:00,1,0.0417928931871005,0.0417928931871005,0.6830364730550184,0.955088585671596
2021-08-04 00:00:00+00:00,1,0.0282294652740084,0.0282294652740084,0.7023182274520062,0.9820502257344143
2021-08-05 00:00:00+00:00,-1,0.0476380358774859,-0.0476380358774859,0.7357752883687773,0.9352672818473851
2021-08-06 00:00:00+00:00,-1,0.0406222082900282,-0.0406222082900282,0.7656641053875494,0.8972746595173321
2021-08-07 00:00:00+00:00,-1,-0.0170052738468309,0.0170052738468309,0.7526437776007453,0.9125330608182463
2021-08-08 00:00:00+00:00,-1,0.0586163360689555,-0.0586163360689555,0.7967609982087989,0.8590437162512913
2021-08-09 00:00:00+00:00,-1,-0.0168308923098386,0.0168308923098386,0.7833507996512671,0.8735021885289603
2021-08-10 00:00:00+00:00,-1,0.000188778388739,-0.000188778388739,0.7834986793530427,0.8733372901932499
2021-08-11 00:00:00+00:00,1,-0.0255594363625475,-0.0255594363625475,0.7634728947179786,0.8510152813015158
2021-08-12 00:00:00+00:00,1,0.0757407345861598,0.0757407345861598,0.8212988926005402,0.9154718038513401
2021-08-13 00:00:00+00:00,1,-0.0145705507683229,-0.0145705507683229,0.8093321153899367,0.902132875456356
2021-08-14 00:00:00+00:00,1,-0.0010603958689597,-0.0010603958689597,0.8084739029581608,0.9011762574819694
2021-08-15 00:00:00+00:00,1,-0.0221591056749844,-0.0221591056749844,0.7905588443070438,0.8812069975606395
2021-08-16 00:00:00+00:00,1,-0.0284564650117329,-0.0284564650117329,0.7680623342143044,0.856130961466461
2021-08-17 00:00:00+00:00,1,0.0023677653895135,0.0023677653895135,0.769880925626246,0.8581580787259122
2021-08-18 00:00:00+00:00,1,0.0427754426152209,0.0427754426152209,0.8028129229809247,0.8948661703772407
2021-08-19 00:00:00+00:00,-1,0.0561158724717174,-0.0561158724717174,0.847863470585569,0.8446499744810972
2021-08-20 00:00:00+00:00,-1,-0.0087898426936189,0.0087898426936189,0.840410884053456,0.8520743148879553
2021-08-21 00:00:00+00:00,-1,0.008509476904035,-0.008509476904035,0.8475623410612085,0.8448236081848948
2021-08-22 00:00:00+00:00,-1,0.0045516742258624,-0.0045516742258624,0.8514201687238284,0.8409782463421195
2021-08-23 00:00:00+00:00,-1,-0.0371377252930388,0.0371377252930388,0.8198003603888101,0.8722102654321946
2021-08-24 00:00:00+00:00,-1,0.0263000208142856,-0.0263000208142856,0.8413611269305946,0.8492711172968943
2021-08-25 00:00:00+00:00,-1,-0.0412283043462234,0.0412283043462234,0.8066732343244186,0.8842851253932679
2021-08-26 00:00:00+00:00,-1,0.0450862629655739,-0.0450862629655739,0.8430431158944595,0.8444160136932415
2021-08-27 00:00:00+00:00,-1,-0.0031852806337819,0.0031852806337819,0.8403577869839577,0.847105715668514
2021-08-28 00:00:00+00:00,-1,-0.001483982565721,0.001483982565721,0.8391107106791056,0.8483628057818886
2021-08-29 00:00:00+00:00,-1,-0.0363476092875793,0.0363476092875793,0.8086110424183185,0.8791987655805631
2021-08-30 00:00:00+00:00,-1,0.0023738850726162,-0.0023738850726162,0.810530592101468,0.8771116487550888
2021-08-31 00:00:00+00:00,-1,0.0356255639904752,-0.0356255639904752,0.8394062015766167,0.8458640515855732
2021-09-01 00:00:00+00:00,-1,0.0098408304177286,-0.0098408304177286,0.847666655657922,0.8375400468974668
2021-09-02 00:00:00+00:00,-1,0.0141432100689449,-0.0141432100689449,0.8596553832373319,0.8256945420730419
2021-09-03 00:00:00+00:00,-1,-0.0016141808032423,0.0016141808032423,0.8582677440203064,0.8270273623521982
2021-09-04 00:00:00+00:00,-1,0.0362158121369415,-0.0362158121369415,0.8893506074009424,0.7970758947651407
2021-09-05 00:00:00+00:00,-1,0.0170061257285807,-0.0170061257285807,0.9044750156471925,0.7835207218835437
2021-09-06 00:00:00+00:00,-1,-0.1106216071695616,0.1106216071695616,0.8044205357715857,0.8701950433889564
2021-09-07 00:00:00+00:00,-1,-0.0153753668853284,0.0153753668853284,0.7920522749040051,0.8835746114428559
2021-09-08 00:00:00+00:00,-1,0.0065094857397784,-0.0065094857397784,0.7972081278926518,0.8778229951096383
2021-09-09 00:00:00+00:00,1,-0.0324954842473235,-0.0324954842473235,0.7713024637308779,0.8492977118001147
2021-09-10 00:00:00+00:00,1,0.007074848735205,0.007074848735205,0.7767593119908648,0.8553063646422563
2021-09-11 00:00:00+00:00,1,0.0190660336325925,0.0190660336325925,0.791569031157712,0.871613664556696
2021-09-12 00:00:00+00:00,1,-0.0238844381585552,-0.0238844381585552,0.7726628495847981,0.8507956618874398
2021-09-13 00:00:00+00:00,1,0.0473592610325122,0.0473592610325122,0.8092555911684093,0.8910887157240961
2021-09-14 00:00:00+00:00,1,0.0230154620918043,0.0230154620918043,0.8278809825495266,0.9115975342812787
2021-09-15 00:00:00+00:00,1,-0.0081572867261351,-0.0081572867261351,0.8211277199997556,0.9041613718153084
2021-09-16 00:00:00+00:00,1,-0.0107953867308016,-0.0107953867308016,0.8122633287069769,0.8944006001395101
2021-09-17 00:00:00+00:00,1,0.021385589090024,0.021385589090024,0.8296340584875995,0.9135278838559645
2021-09-18 00:00:00+00:00,1,-0.021089044077959,-0.021089044077959,0.8121378692595785,0.8942624540468815
2021-09-19 00:00:00+00:00,1,-0.0934489531695195,-0.0934489531695195,0.7362444355479468,0.8106945638573949
2021-09-20 00:00:00+00:00,1,-0.0501852067461991,-0.0501852067461991,0.6992958563342345,0.7700096895621918
2021-09-21 00:00:00+00:00,1,0.0707931140636199,0.0707931140636199,0.7488011876559209,0.8245210733454608
2021-09-22 00:00:00+00:00,1,0.0303064775724482,0.0303064775724482,0.7714947140558376,0.8495094027628158
2021-09-23 00:00:00+00:00,1,-0.0457811156128283,-0.0457811156128283,0.7361748253569614,0.8106179145807466
2021-09-24 00:00:00+00:00,1,-0.0028748125280843,-0.0028748125280843,0.734058460746165,0.8082875400444203
2021-09-25 00:00:00+00:00,1,0.0115164920540977,0.0115164920540977,0.7425122391765915,0.8175961770767681
2021-09-26 00:00:00+00:00,-1,-0.0225142671994269,0.0225142671994269,0.7257951202249249,0.8360037558687045
2021-09-27 00:00:00+00:00,1,-0.0284400787359118,-0.0284400787359118,0.7051534498595874,0.8122277432282805
2021-09-28 00:00:00+00:00,1,0.0129115685022613,0.0129115685022613,0.7142580869320554,0.8227148773744096
2021-09-29 00:00:00+00:00,1,0.0535682751816484,0.0535682751816484,0.7525196606835495,0.8667862943216381
2021-09-30 00:00:00+00:00,-1,0.0987887304268892,-0.0987887304268892,0.8268601225837509,0.7811575767541756
2021-10-01 00:00:00+00:00,-1,-0.0084264110134676,0.0084264110134676,0.8198926593402139,0.7877399315621906
2021-10-02 00:00:00+00:00,-1,0.010237887379882,-0.010237887379882,0.8282866280501311,0.7796751388582209
2021-10-03 00:00:00+00:00,-1,0.0189408735809843,-0.0189408735809843,0.8439751003608484,0.764907410618871
2021-10-04 00:00:00+00:00,-1,0.0489058891172546,-0.0489058891172546,0.88525045303682,0.7274989336101781
2021-10-05 00:00:00+00:00,-1,0.0746704982911468,-0.0746704982911468,0.9513525454775429,0.6731762257312283
2021-10-06 00:00:00+00:00,-1,-0.02809653406297,0.02809653406297,0.92462283627764,0.6920901444878673
2021-10-07 00:00:00+00:00,-1,0.0030082765538104,-0.0030082765538104,0.9274043574771317,0.6900081459330812
2021-10-08 00:00:00+00:00,-1,0.0185364998502797,-0.0185364998502797,0.9445951882106552,0.6772178100393009
2021-10-09 00:00:00+00:00,-1,-0.003577422040362,0.003577422040362,0.9412159725651306,0.6796405039590612
2021-10-10 00:00:00+00:00,-1,0.0495368406458527,-0.0495368406458527,0.9878408382114208,0.6459732606179741
2021-10-11 00:00:00+00:00,-1,-0.0251149998511834,0.0251149998511834,0.9630312157067481,0.6621968789622631
2021-10-12 00:00:00+00:00,-1,0.0242686183421181,-0.0242686183421181,0.9864026527322812,0.6461262756393862
2021-10-13 00:00:00+00:00,-1,-0.0013862839213726,0.0013862839213726,0.9850352185947991,0.6470219901064814
2021-10-14 00:00:00+00:00,-1,0.0745344074099565,-0.0745344074099565,1.0584542348906996,0.5987965894926841
2021-10-15 00:00:00+00:00,-1,-0.0113934816674552,0.0113934816674552,1.046394755969632,0.6056189674576037
2021-10-16 00:00:00+00:00,-1,0.0108624375641421,-0.0108624375641421,1.057761153673798,0.5990404692359352
2021-10-17 00:00:00+00:00,-1,0.0076755998930302,-0.0076755998930302,1.0658801050717883,0.5944424742743472
2021-10-18 00:00:00+00:00,-1,0.036047967727284,-0.036047967727284,1.1043029167005702,0.5730140311459786
2021-10-19 00:00:00+00:00,-1,0.0269341751022882,-0.0269341751022882,1.134046404824951,0.5575803708950248
2021-10-20 00:00:00+00:00,-1,-0.0573193136612958,0.0573193136612958,1.0690436432403247,0.5895404950657382
2021-10-21 00:00:00+00:00,1,-0.0243996472642762,-0.0243996472642762,1.042959355435144,0.5751559149381275
2021-10-22 00:00:00+00:00,1,0.011555863919028,0.011555863919028,1.0550116518196297,0.5818023384233766
2021-10-23 00:00:00+00:00,1,-0.007537937512081,-0.007537937512081,1.047059039913696,0.5774167487519586
2021-10-24 00:00:00+00:00,1,0.0346128236844363,0.0346128236844363,1.083300709849424,0.5974027728689506
2021-10-25 00:00:00+00:00,-1,-0.0424498526632005,0.0424498526632005,1.0373147543263757,0.6227624325578249
2021-10-26 00:00:00+00:00,-1,-0.0311677937629597,0.0311677937629597,1.0049839419962558,0.6421725636191064
2021-10-27 00:00:00+00:00,1,0.0365879390369336,0.0365879390369336,1.041754233199112,0.6656683342279937
2021-10-28 00:00:00+00:00,-1,0.026489137663525,-0.026489137663525,1.0693494044938834,0.648035354084379
2021-10-29 00:00:00+00:00,-1,-0.0054498457944356,0.0054498457944356,1.06352161513902,0.6515670468334813
2021-10-30 00:00:00+00:00,-1,-0.0092080425707864,0.0092080425707864,1.0537286628318685,0.6575667039384455
2021-10-31 00:00:00+00:00,-1,-0.0051297477399965,0.0051297477399965,1.0483233006051371,0.6609398552518707
2021-11-01 00:00:00+00:00,-1,0.0364235344680532,-0.0364235344680532,1.0865069404783916,0.6368660896527941
2021-11-02 00:00:00+00:00,-1,-0.0040545635881074,0.0040545635881074,1.082101628999302,0.6394483037104006
2021-11-03 00:00:00+00:00,-1,-0.0241037839667321,0.0241037839667321,1.0560188851038539,0.6548614274809295
2021-11-04 00:00:00+00:00,1,-0.0053139598841096,-0.0053139598841096,1.0504072431115499,0.651381520125645
2021-11-05 00:00:00+00:00,1,0.0065734191461201,0.0065734191461201,1.0573120101946427,0.6556633238814678
2021-11-06 00:00:00+00:00,1,0.0292472208969125,0.0292472208969125,1.0882354481137642,0.674839653949033
2021-11-07 00:00:00+00:00,-1,0.0669515471811146,-0.0669515471811146,1.1610944950623143,0.6296580950179772
2021-11-08 00:00:00+00:00,-1,-0.0088060963717171,0.0088060963717171,1.1508697850421252,0.6352029248839374
2021-11-09 00:00:00+00:00,1,-0.0295138674213993,-0.0295138674213993,1.1169031667870977,0.6164556299732278
2021-11-10 00:00:00+00:00,1,-0.0006965054346836,-0.0006965054346836,1.1161252376614152,0.6160262652767101
2021-11-11 00:00:00+00:00,1,-0.0122250963632459,-0.0122250963632459,1.1024804990775539,0.6084952848214119
2021-11-12 00:00:00+00:00,1,0.004887870563917,0.004887870563917,1.1078692810562876,0.6114695310123728
2021-11-13 00:00:00+00:00,-1,0.0154695177875643,-0.0154695177875643,1.125007484605884,0.6020103922258233
2021-11-14 00:00:00+00:00,-1,-0.0291593233239323,0.0291593233239323,1.092203027620417,0.6195646078971033
2021-11-15 00:00:00+00:00,-1,-0.0534414533015095,0.0534414533015095,1.0338341105240734,0.6526750409573044
2021-11-16 00:00:00+00:00,1,0.0034368574194389,0.0034368574194389,1.0373872509572972,0.6549181920143012
2021-11-17 00:00:00+00:00,1,-0.0567498398980057,-0.0567498398980057,0.9785156905532383,0.6177516894711983
2021-11-18 00:00:00+00:00,1,0.0206778578061734,0.0206778578061734,0.9987492988636077,0.6305254710656072
2021-11-19 00:00:00+00:00,1,0.0271443330869842,0.0271443330869842,1.0258596825023536,0.6476406644720397
2021-11-20 00:00:00+00:00,1,-0.0161937046613239,-0.0161937046613239,1.009247213779951,0.637152962824916
2021-11-21 00:00:00+00:00,1,-0.0415659405964827,-0.0415659405964827,0.967296904044808,0.6106691006212626
2021-11-22 00:00:00+00:00,1,0.022735855747423,0.022735855747423,0.9892892269200997,0.6245531852023962
2021-11-23 00:00:00+00:00,1,-0.0223843870166022,-0.0223843870166022,0.967144593993365,0.6105729449923741
2021-11-24 00:00:00+00:00,1,0.0176660693740031,0.0176660693740031,0.984230237485544,0.6213593689964988
2021-11-25 00:00:00+00:00,1,-0.064686770536555,-0.064686770536555,0.9205635619581775,0.5811656380734836
2021-11-26 00:00:00+00:00,1,0.023246554945143,0.023246554945143,0.9419634933817348,0.594675737011188
2021-11-27 00:00:00+00:00,1,0.0443925100444249,0.0443925100444249,0.983779617223165,0.621074885639633
2021-11-28 00:00:00+00:00,1,0.009748898117819,0.009748898117819,0.9933703844818607,0.6271296814232699
2021-11-29 00:00:00+00:00,1,-0.0138589899868777,-0.0138589899868777,0.9796032742700657,0.618438297447951
2021-11-30 00:00:00+00:00,1,0.0039365085108058,0.0039365085108058,0.983459490896443,0.6208727850692631
2021-12-01 00:00:00+00:00,1,-0.0131402057875741,-0.0131402057875741,0.9705366308023209,0.6127143889055487
2021-12-02 00:00:00+00:00,1,-0.0509858648179134,-0.0509858648179134,0.9210529813434006,0.58147461590082
2021-12-03 00:00:00+00:00,1,-0.0820463968365335,-0.0820463968365335,0.8454839029286277,0.5337667188142504
2021-12-04 00:00:00+00:00,1,0.003417522933012,0.003417522933012,0.8483733635563788,0.5355908788166767
2021-12-05 00:00:00+00:00,-1,0.0245858957900213,-0.0245858957900213,0.8692313826638058,0.5224228972840039
2021-12-06 00:00:00+00:00,-1,0.0023221597831271,-0.0023221597831271,0.8712498768228597,0.5212097478421462
2021-12-07 00:00:00+00:00,-1,-0.0038518487471744,0.0038518487471744,0.8678939540763437,0.523217368956387
2021-12-08 00:00:00+00:00,-1,-0.0560872621319695,0.0560872621319695,0.8192161583713123,0.5525631986810433
2021-12-09 00:00:00+00:00,-1,-0.0089951190845213,0.0089951190845213,0.8118472114707983,0.5575335704549033
2021-12-10 00:00:00+00:00,-1,0.0448572160440061,-0.0448572160440061,0.8482644172304679,0.5325241666332216
2021-12-11 00:00:00+00:00,-1,0.0149066195703628,-0.0149066195703628,0.8609091721931981,0.5245860314691957
2021-12-12 00:00:00+00:00,-1,-0.0670851717099511,0.0670851717099511,0.8031549325499455,0.5597779754669485
2021-12-13 00:00:00+00:00,-1,-0.0026712534564946,0.0026712534564946,0.8010095021602708,0.5612732843187841
2021-12-14 00:00:00+00:00,-1,0.049001519672527,-0.049001519672527,0.8402601850382584,0.5337700404355734
2021-12-15 00:00:00+00:00,-1,-0.0251815828978184,0.0251815828978184,0.8191011035329813,0.5472112149571736
2021-12-16 00:00:00+00:00,-1,-0.0306990072157418,0.0306990072157418,0.7939555128452002,0.5640100559936787
2021-12-17 00:00:00+00:00,-1,0.0139957315631233,-0.0139957315631233,0.8050675010760435,0.556116322651089
2021-12-18 00:00:00+00:00,-1,-0.0030259427628138,0.0030259427628138,0.8026314128975859,0.5577990988128977
2021-12-19 00:00:00+00:00,-1,0.0037095437683511,-0.0037095437683511,0.805608809253583,0.5557299186419045
2021-12-20 00:00:00+00:00,-1,0.0438635616940126,-0.0438635616940126,0.8409456809595176,0.5313536250703467
2021-12-21 00:00:00+00:00,-1,-0.0062959314476722,0.0062959314476722,0.8356511446009806,0.5346989910682617
2021-12-22 00:00:00+00:00,-1,0.0443366919436007,-0.0443366919436007,0.8727011519714716,0.510992206618714
2021-12-23 00:00:00+00:00,-1,0.0007414904357732,-0.0007414904357732,0.8733482515289467,0.5106133107847516
2021-12-24 00:00:00+00:00,-1,-0.007719775485643,0.007719775485643,0.8666061991063644,0.5145551309039907
2021-12-25 00:00:00+00:00,-1,0.0075284019171428,-0.0075284019171428,0.8731303588771246,0.5106813530700175
2021-12-26 00:00:00+00:00,-1,-0.0033280706216139,0.0033280706216139,0.8702245193809065,0.5123809366781759
2021-12-27 00:00:00+00:00,-1,-0.0602594256209162,0.0602594256209162,0.8177852896817752,0.5432567176215097
2021-12-28 00:00:00+00:00,-1,-0.0240422788062495,0.0240422788062495,0.7981238677435964,0.556317847089934
2021-12-29 00:00:00+00:00,-1,0.0157911212643124,-0.0157911212643124,0.8107271385230777,0.5475329645050357
2021-12-30 00:00:00+00:00,-1,-0.0184763529177982,0.0184763529177982,0.7957478577916886,0.5576493767913591
2021-12-31 00:00:00+00:00,-1,0.0298093964713672,-0.0298093964713672,0.8194686211758422,0.5410261854265747
2022-01-01 00:00:00+00:00,-1,-0.0071632749620244,0.0071632749620244,0.8135985421196086,0.5449017047544403
2022-01-02 00:00:00+00:00,-1,-0.0187368774698079,0.0187368774698079,0.7983542459262991,0.5551114612295138
2022-01-03 00:00:00+00:00,-1,-0.0120655550135126,0.0120655550135126,0.788721658851804,0.56180918910361
2022-01-04 00:00:00+00:00,-1,-0.0507340606150975,0.0507340606150975,0.7487066064031763,0.5903120505577113
2022-01-05 00:00:00+00:00,-1,-0.0093661590158929,0.0093661590158929,0.7416941012713546,0.5958410070922326
2022-01-06 00:00:00+00:00,-1,-0.0371407046918699,0.0371407046918699,0.7141470596843333,0.6179709619799516
2022-01-07 00:00:00+00:00,-1,0.0042359949028196,-0.0042359949028196,0.7171721829890199,0.615353240134914
2022-01-08 00:00:00+00:00,-1,0.0042569704720818,-0.0042569704720818,0.7202251637954026,0.6127336995617598
2022-01-09 00:00:00+00:00,-1,-0.0021554853640055,0.0021554853640055,0.7186727289960532,0.6140544380831982
2022-01-10 00:00:00+00:00,-1,0.0218691094532414,-0.0218691094532414,0.7343894615675276,0.6006256143665081
2022-01-11 00:00:00+00:00,-1,0.0283894186846727,-0.0283894186846727,0.7552383514695795,0.5835742023275186
2022-01-12 00:00:00+00:00,-1,-0.0308887144841734,0.0308887144841734,0.7319100096635379,0.6016000592435425
2022-01-13 00:00:00+00:00,-1,0.0119302693589786,-0.0119302693589786,0.7406418932253566,0.5944228084903896
2022-01-14 00:00:00+00:00,-1,0.0018027786773091,-0.0018027786773091,0.7419771066379851,0.593351195725937
2022-01-15 00:00:00+00:00,-1,-0.0014711291913973,0.0014711291913973,0.7408855624570615,0.5942240919907199
2022-01-16 00:00:00+00:00,-1,-0.0200243667909649,0.0200243667909649,0.7260497982042909,0.6061230531647702
2022-01-17 00:00:00+00:00,-1,0.0029604828561313,-0.0029604828561313,0.7281992561845724,0.6043286362571699
2022-01-18 00:00:00+00:00,-1,-0.0148978232441587,0.0148978232441587,0.7173506723794068,0.6133318174615128
2022-01-19 00:00:00+00:00,-1,-0.025486340397292,0.025486340397292,0.6990680289589188,0.6289634009378267
2022-01-20 00:00:00+00:00,-1,-0.1038116561571248,0.1038116561571248,0.6264966191061966,0.6942571332514001
2022-01-21 00:00:00+00:00,-1,-0.0391434846807691,0.0391434846807691,0.6019733582936595,0.721432776711341
2022-01-22 00:00:00+00:00,-1,0.035585092527173,-0.035585092527173,0.6233946359474325,0.6957605245999325
2022-01-23 00:00:00+00:00,-1,0.010406744495611,-0.010406744495611,0.6298821446436719,0.6885199225902888
2022-01-24 00:00:00+00:00,-1,0.0081757270308715,-0.0081757270308715,0.6350318891198985,0.6828907716478738
2022-01-25 00:00:00+00:00,-1,-0.0027570168785626,0.0027570168785626,0.6332810954831695,0.6847735130315217
2022-01-26 00:00:00+00:00,-1,0.0077638212607122,-0.0077638212607122,0.6381977767162889,0.679457053872275
2022-01-27 00:00:00+00:00,-1,0.017397102127314,-0.017397102127314,0.6493005686152469,0.6676364701149351
2022-01-28 00:00:00+00:00,-1,0.0093649308384582,-0.0093649308384582,0.6553812235337003,0.6613841007470763
2022-01-29 00:00:00+00:00,-1,-0.0057836563466686,0.0057836563466686,0.6515907237607222,0.6652093190989479
2022-01-30 00:00:00+00:00,-1,0.0149145361045013,-0.0149145361045013,0.6613088971356097,0.6552880306921959
2022-01-31 00:00:00+00:00,-1,0.0067600652883568,-0.0067600652883568,0.6657793884560177,0.6508582408220379
2022-02-01 00:00:00+00:00,-1,-0.0462090294303103,0.0462090294303103,0.6350143691007596,0.6809337684271435
2022-02-02 00:00:00+00:00,-1,0.0054560461329451,-0.0054560461329451,0.6384790367936564,0.6772185623731248
2022-02-03 00:00:00+00:00,-1,0.116978066100073,-0.116978066100073,0.7131670797632156,0.597998844619645
2022-02-04 00:00:00+00:00,-1,-0.0014387874352046,0.0014387874352046,0.7121409839296506,0.5988592378435507
2022-02-05 00:00:00+00:00,1,0.0234373129525311,0.0234373129525311,0.7288316550363333,0.6128948892154042
2022-02-06 00:00:00+00:00,-1,0.0336658720453715,-0.0336658720453715,0.7533684082774028,0.5922612482978163
2022-02-07 00:00:00+00:00,-1,0.0063448528050995,-0.0063448528050995,0.7581484199359351,0.5885034378552022
2022-02-08 00:00:00+00:00,-1,0.0049945450466173,-0.0049945450466173,0.7619350263713268,0.5855641309247452
2022-02-09 00:00:00+00:00,-1,-0.0174493592131327,0.0174493592131327,0.7486397483991057,0.595781849787577
2022-02-10 00:00:00+00:00,-1,-0.0265619826070333,0.0265619826070333,0.7287543924231948,0.6116069969192207
2022-02-11 00:00:00+00:00,-1,-0.0038546734323026,0.0038546734323026,0.7259452822280473,0.6139645421612556
2022-02-12 00:00:00+00:00,-1,-0.0011114620775056,0.0011114620775056,0.7251384215765068,0.614646940466801
2022-02-13 00:00:00+00:00,-1,0.0092280869615768,-0.0092280869615768,0.7318300619899953,0.6089749250495062
2022-02-14 00:00:00+00:00,-1,0.0466876977974548,-0.0466876977974548,0.7659975227632769,0.5805432877825671
2022-02-15 00:00:00+00:00,-1,-0.0137597522164965,0.0137597522164965,0.7554575866516041,0.5885314195734055
2022-02-16 00:00:00+00:00,-1,-0.0778822302997733,0.0778822302997733,0.6966208649062929,0.634367559131274
2022-02-17 00:00:00+00:00,1,-0.0125076473845776,-0.0125076473845776,0.6879077767673056,0.6264331133894449
2022-02-18 00:00:00+00:00,1,0.0022777282826873,0.0022777282826873,0.689474643766329,0.6278599578090239
2022-02-19 00:00:00+00:00,1,-0.0421407397253231,-0.0421407397253231,0.6604196722561624,0.6014014747430415
2022-02-20 00:00:00+00:00,1,-0.0352862086879078,-0.0352862086879078,0.6371159658793318,0.580180296800043
2022-02-21 00:00:00+00:00,1,0.0326564237122273,0.0326564237122273,0.6579218948149123,0.5991269104018311
2022-02-22 00:00:00+00:00,-1,-0.0258438156136229,0.0258438156136229,0.6409186826771502,0.6146106358034156
2022-02-23 00:00:00+00:00,-1,0.0277784003681638,-0.0277784003681638,0.6587223784479923,0.5975377354915365
2022-02-24 00:00:00+00:00,-1,0.0229989397897596,-0.0229989397897596,0.673872294768085,0.5837950010908574
2022-02-25 00:00:00+00:00,-1,-0.0027813970538428,0.0027813970538428,0.6719979883527507,0.5854187667869396
2022-02-26 00:00:00+00:00,-1,-0.0356823420189836,0.0356823420189836,0.6480195262962789,0.6063078794477628
2022-02-27 00:00:00+00:00,-1,0.1454118392886461,-0.1454118392886461,0.742249237509978,0.5181435355220648
2022-02-28 00:00:00+00:00,-1,0.026888524570001,-0.026888524570001,0.7622072243698295,0.5042114203363925
2022-03-01 00:00:00+00:00,-1,-0.0097063027250092,0.0097063027250092,0.754809010310907,0.5091054490195844
2022-03-02 00:00:00+00:00,-1,-0.0335198114219356,0.0335198114219356,0.7295079546257075,0.5261705676646007
2022-03-03 00:00:00+00:00,-1,-0.0780693503604916,0.0780693503604916,0.6725557425252675,0.5672483620609872
2022-03-04 00:00:00+00:00,-1,0.0067193806468304,-0.0067193806468304,0.6770749005655065,0.5634368043950083
2022-03-05 00:00:00+00:00,-1,-0.0248879944083952,0.0248879944083952,0.6602238642261674,0.5774596164322754
2022-03-06 00:00:00+00:00,1,-0.0093166438852826,-0.0093166438852826,0.654072793598607,0.572079630827844
2022-03-07 00:00:00+00:00,1,0.0177402599908331,0.0177402599908331,0.6656762150099769,0.5822284722141898
2022-03-08 00:00:00+00:00,-1,0.083786397164149,-0.083786397164149,0.7214508267435302,0.533445646200976
2022-03-09 00:00:00+00:00,-1,-0.0606309540457713,0.0606309540457713,0.6777085748209595,0.5657889646617041
2022-03-10 00:00:00+00:00,1,-0.0162913196229393,-0.0162913196229393,0.6666678078173446,0.5565715157992684
2022-03-11 00:00:00+00:00,1,0.0028106492938184,0.0028106492938184,0.6685415772205979,0.5581358431371092
2022-03-12 00:00:00+00:00,-1,-0.0271012579338149,0.0271012579338149,0.6504232594968631,0.5732620265840752
2022-03-13 00:00:00+00:00,1,0.0480080837903738,0.0480080837903738,0.6816488338379966,0.600783237990163
2022-03-14 00:00:00+00:00,-1,-0.0082681015637209,0.0082681015637209,0.676012892049032,0.6057505748196468
2022-03-15 00:00:00+00:00,-1,0.045887144813449,-0.045887144813449,0.7070331935222445,0.5779544104720676
2022-03-16 00:00:00+00:00,-1,-0.0046799317107646,0.0046799317107646,0.7037243264593165,0.5806591976450122
2022-03-17 00:00:00+00:00,-1,0.0207508847429873,-0.0207508847429873,0.7183272288485102,0.5686100055597251
2022-03-18 00:00:00+00:00,-1,0.0093178306222092,-0.0093178306222092,0.7250204802982415,0.5633117938378261
2022-03-19 00:00:00+00:00,-1,-0.022346848712323,0.022346848712323,0.708818557311681,0.5759000372725873
2022-03-20 00:00:00+00:00,-1,-0.0041172626245532,0.0041172626245532,0.7059001651580719,0.5782711689715285
2022-03-21 00:00:00+00:00,1,0.0311800141632243,0.0311800141632243,0.727910142305523,0.5963016722102451
2022-03-22 00:00:00+00:00,1,0.0126100911530078,0.0126100911530078,0.7370891555511945,0.6038210906515072
2022-03-23 00:00:00+00:00,1,0.024898646221148,0.024898646221148,0.7554416776687084,0.6188554183685069
2022-03-24 00:00:00+00:00,1,0.0088213976205258,0.0088213976205258,0.7621057290865412,0.6243145880835523
2022-03-25 00:00:00+00:00,-1,0.003429583093865,-0.003429583093865,0.7647194340107542,0.6221734493270077
2022-03-26 00:00:00+00:00,-1,0.0521263122561272,-0.0521263122561272,0.8045814380163276,0.5897418418299164
2022-03-27 00:00:00+00:00,-1,0.0065678873583499,-0.0065678873583499,0.8098658382718381,0.5858684838422717
2022-03-28 00:00:00+00:00,-1,0.007166154611,-0.007166154611,0.8156694620830612,0.5816700597053459
2022-03-29 00:00:00+00:00,-1,-0.0084917350321905,0.0084917350321905,0.8087430131372025,0.5866094477285221
2022-03-30 00:00:00+00:00,-1,-0.0323821082297023,0.0323821082297023,0.782554209355778,0.6056050983534329
2022-03-31 00:00:00+00:00,1,0.0163151153882676,0.0163151153882676,0.7953216715789921,0.6154856154127923
2022-04-01 00:00:00+00:00,1,-0.0089170407983524,-0.0089170407983524,0.7882297557857084,0.6099973050693575
2022-04-02 00:00:00+00:00,1,0.0127453799892374,0.0127453799892374,0.7982760435420211,0.6177719525148772
2022-04-03 00:00:00+00:00,1,0.0036403959498199,0.0036403959498199,0.8011820844177697,0.6200208870287246
2022-04-04 00:00:00+00:00,1,-0.0228790728090081,-0.0228790728090081,0.7828517811751027,0.6058353840112886
2022-04-05 00:00:00+00:00,1,-0.0515684939224001,-0.0515684939224001,0.7424812938554343,0.5745933656929275
2022-04-06 00:00:00+00:00,1,0.0068764592473051,0.0068764592473051,0.7475869362145176,0.5785445335558869
2022-04-07 00:00:00+00:00,1,-0.0279557707943397,-0.0279557707943397,0.7266875671768618,0.5623708751814803
2022-04-08 00:00:00+00:00,1,0.0116930709513578,0.0116930709513578,0.7351847764593304,0.5689467177259546
2022-04-09 00:00:00+00:00,1,-0.0134276800508243,-0.0134276800508243,0.7253129505027978,0.5613070832343638
2022-04-10 00:00:00+00:00,1,-0.0636322595381245,-0.0636322595381245,0.679159648590041,0.5255898452334071
2022-04-11 00:00:00+00:00,1,0.0153150838928612,0.0153150838928612,0.6895610355848436,0.5336392978063927
2022-04-12 00:00:00+00:00,1,0.0259063004651518,0.0259063004651518,0.7074250109617658,0.5474639177953778
2022-04-13 00:00:00+00:00,1,-0.0299080065317459,-0.0299080065317459,0.6862673391132009,0.5310903633660585
2022-04-14 00:00:00+00:00,1,0.0154736757264544,0.0154736757264544,0.6968864173802953,0.5393082834302297
2022-04-15 00:00:00+00:00,1,-0.0031805042860567,-0.0031805042860567,0.6946699671429226,0.5375930111232741
2022-04-16 00:00:00+00:00,1,-0.0175025423561756,-0.0175025423561756,0.6825114766194404,0.528183766675705
2022-04-17 00:00:00+00:00,1,0.0279291746086074,0.0279291746086074,0.7015734588223232,0.5429355033206227
2022-04-18 00:00:00+00:00,-1,0.0165710967533785,-0.0165710967533785,0.7131993004880703,0.5339384665642524
2022-04-19 00:00:00+00:00,-1,-0.003093074404708,0.003093074404708,0.7109933219862751,0.5355899779688713
2022-04-20 00:00:00+00:00,-1,-0.0204719840488541,0.0204719840488541,0.6964378780397302,0.5465545674545762
2022-04-21 00:00:00+00:00,-1,-0.0194200388337162,0.0194200388337162,0.6829130274029277,0.5571686783792891
2022-04-22 00:00:00+00:00,-1,-0.0063811726165236,0.0063811726165236,0.678555241492997,0.5607240678925476
2022-04-23 00:00:00+00:00,-1,-0.0004416040475622,0.0004416040475622,0.6782555887518591,0.5609716859104944
2022-04-24 00:00:00+00:00,-1,0.0250578500553089,-0.0250578500553089,0.6952512155939784,0.5469149415196753
2022-04-25 00:00:00+00:00,-1,-0.0578582678716236,0.0578582678716236,0.6550251845240701,0.5785584927091141
2022-04-26 00:00:00+00:00,1,0.029478882606909,0.029478882606909,0.6743345950432241,0.5956137505969162
2022-04-27 00:00:00+00:00,-1,0.013575224570606,-0.013575224570606,0.6834888386066645,0.5875281601752221
2022-04-28 00:00:00+00:00,-1,-0.0292655738992938,0.0292655738992938,0.6634861454910786,0.6047225089647462
2022-04-29 00:00:00+00:00,-1,-0.0231793134741956,0.0231793134741956,0.6481069921389552,0.6187395615649421
2022-04-30 00:00:00+00:00,-1,0.0199979119644437,-0.0199979119644437,0.6610677787112904,0.6063660622838479
2022-05-01 00:00:00+00:00,-1,0.0015657861708791,-0.0015657861708791,0.6621028694972103,0.6054166226890335
2022-05-02 00:00:00+00:00,-1,-0.0202151202188917,0.0202151202188917,0.6487183803930511,0.6176551924992076
2022-05-03 00:00:00+00:00,-1,0.0515998566242374,-0.0515998566242374,0.68219215581084,0.5857842731230328
2022-05-04 00:00:00+00:00,-1,-0.0786740206890179,0.0786740206890179,0.6285213560306923,0.6318702771460156
2022-05-05 00:00:00+00:00,-1,-0.0146060614086839,0.0146060614086839,0.6193411345078387,0.6410994132163323
2022-05-06 00:00:00+00:00,-1,-0.0149543552706363,0.0149543552706363,0.6100792871486895,0.6506866416053659
2022-05-07 00:00:00+00:00,-1,-0.0406368487649226,0.0406368487649226,0.5852875874222164,0.6771284962536387
2022-05-08 00:00:00+00:00,-1,-0.1104636999935314,0.1104636999935314,0.520634554955271,0.7519266153208717
2022-05-09 00:00:00+00:00,-1,0.0239612584805093,-0.0239612584805093,0.5331096141004392,0.7339095073327938
2022-05-10 00:00:00+00:00,-1,-0.0672583917327216,0.0672583917327216,0.4972535188387918,0.7832710804733516
2022-05-11 00:00:00+00:00,-1,0.0038497067986085,-0.0038497067986085,0.49916779909089753,0.7802557164696999
2022-05-12 00:00:00+00:00,-1,0.0081022298345081,-0.0081022298345081,0.5032121713251175,0.7739339053251736
2022-05-13 00:00:00+00:00,-1,0.0279397335374114,-0.0279397335374114,0.5172717853047235,0.75231039823482
2022-05-14 00:00:00+00:00,-1,0.0399932571356789,-0.0399932571356789,0.537959168823447,0.7222230550323698
2022-05-15 00:00:00+00:00,-1,-0.0460690015571287,0.0460690015571287,0.5131759270372479,0.7554951500792504
2022-05-16 00:00:00+00:00,-1,0.01885078523519,-0.01885078523519,0.5228496962256967,0.7412534732588788
2022-05-17 00:00:00+00:00,-1,-0.0560571198980821,0.0560571198980821,0.49354024811569697,0.7828060080842216
2022-05-18 00:00:00+00:00,-1,0.0555030442824064,-0.0555030442824064,0.5209332343620123,0.7393578915529893
2022-05-19 00:00:00+00:00,-1,-0.036734890846488,0.036734890846488,0.5017968088594159,0.7665181229956778
2022-05-20 00:00:00+00:00,-1,0.0079274130130611,-0.0079274130130611,0.5057747594118805,0.7604416172526947
2022-05-21 00:00:00+00:00,-1,0.0302897944828226,-0.0302897944828226,0.5210945729290655,0.7374079969499252
2022-05-22 00:00:00+00:00,-1,-0.0403912314422766,0.0403912314422766,0.5000469214305733,0.7671928140221151
2022-05-23 00:00:00+00:00,-1,0.0191304684010797,-0.0191304684010797,0.5096130532600581,0.7525160561359296
2022-05-24 00:00:00+00:00,-1,-0.0031435767133879,0.0031435767133879,0.5080110455329913,0.754881648086449
2022-05-25 00:00:00+00:00,-1,-0.0099835299174566,0.0099835299174566,0.5029393020615143,0.762418031604259
2022-05-26 00:00:00+00:00,-1,-0.021855519242508,0.021855519242508,0.49194730246749535,0.779081073564821
2022-05-27 00:00:00+00:00,-1,0.0065435572865377,-0.0065435572865377,0.49516638782314915,0.7739831119290924
2022-05-28 00:00:00+00:00,-1,0.0219003582198853,-0.0219003582198853,0.5060107090949227,0.7570326045217037
2022-05-29 00:00:00+00:00,-1,0.0774447096873045,-0.0774447096873045,0.5451985615594461,0.6984044342406963
2022-05-30 00:00:00+00:00,-1,0.0020777630413166,-0.0020777630413166,0.5463313549808334,0.6969533153193394
2022-05-31 00:00:00+00:00,1,-0.0626953635789118,-0.0626953635789118,0.5120789120457505,0.6532575738178654
2022-06-01 00:00:00+00:00,1,0.0224304979003586,0.0224304979003586,0.5235650970072107,0.6679104664557804
2022-06-02 00:00:00+00:00,-1,-0.0250462935836958,0.0250462935836958,0.5104517318773919,0.684639148086255
2022-06-03 00:00:00+00:00,-1,0.0043267488339528,-0.0043267488339528,0.5126603283130816,0.6816768864505944
2022-06-04 00:00:00+00:00,-1,0.0024720363126611,-0.0024720363126611,0.5139276432607324,0.6799917564337867
2022-06-05 00:00:00+00:00,-1,0.0489526300284133,-0.0489526300284133,0.5390857530426494,0.6467043715587126
2022-06-06 00:00:00+00:00,-1,-0.0068596987731873,0.0068596987731873,0.53538778716386,0.6511405687429088
2022-06-07 00:00:00+00:00,-1,-0.030207305158321,0.030207305158321,0.5192151648989631,0.6708097706038885
2022-06-08 00:00:00+00:00,-1,-0.0033877082693644,0.0033877082693644,0.5174562153912555,0.6730822784109336
2022-06-09 00:00:00+00:00,-1,-0.0341456371568045,0.0341456371568045,0.4997873432159724,0.6960651016662286
2022-06-10 00:00:00+00:00,-1,-0.0248589944951643,0.0248589944951643,0.4873631324022138,0.7133685801968254
2022-06-11 00:00:00+00:00,-1,-0.0563510731378267,0.0563510731378267,0.4598996968835363,0.7535676652337243
2022-06-12 00:00:00+00:00,1,-0.159747260276172,-0.159747260276172,0.38643198030454945,0.6331872952799252
2022-06-13 00:00:00+00:00,1,-0.0124779140530416,-0.0124779140530416,0.38161011526696265,0.6252864386299445
2022-06-14 00:00:00+00:00,-1,0.0164835541770984,-0.0164835541770984,0.3879004062764944,0.6149794957425829
2022-06-15 00:00:00+00:00,-1,-0.0970719443496029,0.0970719443496029,0.3502461596252342,0.6746767511294538
2022-06-16 00:00:00+00:00,-1,0.0044074954445947,-0.0044074954445947,0.3517898679782692,0.6717031164222768
2022-06-17 00:00:00+00:00,-1,-0.0710178097408561,0.0710178097408561,0.3268065220654276,0.7194060005466941
2022-06-18 00:00:00+00:00,-1,0.0807475952890373,-0.0807475952890373,0.3531953628469846,0.6613156959660447
2022-06-19 00:00:00+00:00,-1,0.002251010260589,-0.002251010260589,0.35399040923274566,0.6598270675489365
2022-06-20 00:00:00+00:00,-1,0.0053914098304885,-0.0053914098304885,0.35589891660498174,0.6562696694105308
2022-06-21 00:00:00+00:00,-1,-0.0349371066631987,0.0349371066631987,0.3434648381942366,0.6791978328505487
2022-06-22 00:00:00+00:00,-1,0.0549780380029665,-0.0549780380029665,0.36234786112116213,0.6418568685845587
2022-06-23 00:00:00+00:00,-1,0.0069135989553137,-0.0069135989553137,0.36485298891526957,0.6374193276084515
2022-06-24 00:00:00+00:00,-1,0.0127489649153018,-0.0127489649153018,0.3695044868701934,0.6292928909644362
2022-06-25 00:00:00+00:00,-1,-0.0220926194707933,0.0220926194707933,0.36134116484901946,0.6431956193401889
2022-06-26 00:00:00+00:00,-1,-0.0138779813254257,0.0138779813254257,0.35632647891113717,0.6521218761339876
2022-06-27 00:00:00+00:00,-1,-0.0219355318787197,0.0219355318787197,0.34851026807374996,0.6664265163367353
2022-06-28 00:00:00+00:00,-1,-0.0087083727982888,0.0087083727982888,0.34547531073533216,0.6722300068836605
2022-06-29 00:00:00+00:00,-1,-0.0158822375029873,0.0158822375029873,0.3399883897988153,0.6829065235096216
2022-06-30 00:00:00+00:00,-1,-0.0260483445839889,0.0260483445839889,0.33113225506678023,0.7006951079526541
2022-07-01 00:00:00+00:00,-1,-0.0014069651515379,0.0014069651515379,0.3306663635233511,0.7016809615513965
2022-07-02 00:00:00+00:00,-1,0.0028489545560892,-0.0028489545560892,0.3316084169662564,0.6996819043790635
2022-07-03 00:00:00+00:00,-1,0.0484107301310523,-0.0484107301310523,0.34766182254919537,0.6658097925285879
2022-07-04 00:00:00+00:00,-1,-0.0020338071321012,0.0020338071321012,0.3469547454549355,0.6671639212332553
2022-07-05 00:00:00+00:00,1,0.0177379304287108,0.0177379304287108,0.3531090045917262,0.6789980284526367
2022-07-06 00:00:00+00:00,1,0.0530138578205141,0.0530138578205141,0.3718286751562953,0.7149943333934342
2022-07-07 00:00:00+00:00,1,0.0043225380457274,0.0043225380457274,0.37343591875115084,0.7180849236020069
2022-07-08 00:00:00+00:00,1,-0.0063922234209801,-0.0063922234209801,0.3710488329250745,0.7134947643351055
2022-07-09 00:00:00+00:00,1,-0.0338899034934659,-0.0338899034934659,0.3584740237858806,0.6893144956286956
2022-07-10 00:00:00+00:00,1,-0.04265931997884,-0.04265931997884,0.34318176570109643,0.6599088079936184
2022-07-11 00:00:00+00:00,-1,-0.0323797974068269,0.0323797974068269,0.33206960965397775,0.6812765215034324
2022-07-12 00:00:00+00:00,-1,0.0459617111407861,-0.0459617111407861,0.3473320971315275,0.6499638868150921
2022-07-13 00:00:00+00:00,-1,0.0177045512129101,-0.0177045512129101,0.3534814560330801,0.6384565678944322
2022-07-14 00:00:00+00:00,-1,0.012951348577769,-0.012951348577769,0.3580595175859419,0.6301876943318653
2022-07-15 00:00:00+00:00,-1,0.0169889953319211,-0.0169889953319211,0.3641425890587594,0.6194814385346271
2022-07-16 00:00:00+00:00,-1,-0.0193943614796041,0.0193943614796041,0.3570802760564349,0.6314958854834729
2022-07-17 00:00:00+00:00,-1,0.0821174009946776,-0.0821174009946776,0.38640278027265135,0.5796390846287376
2022-07-18 00:00:00+00:00,-1,0.0401919693193753,-0.0401919693193753,0.4019330689622911,0.5563422483230286
2022-07-19 00:00:00+00:00,-1,-0.0067424108943424,0.0067424108943424,0.39922307105932325,0.5600933363591047
2022-07-20 00:00:00+00:00,-1,-0.0028884421706671,0.0028884421706671,0.3980699383053723,0.561711133571354
2022-07-21 00:00:00+00:00,-1,-0.0194110767949181,0.0194110767949181,0.3903429721631784,0.5726145515216681
2022-07-22 00:00:00+00:00,-1,-0.0109839417117817,0.0109839417117817,0.3860554677093344,0.5789041163789
2022-07-23 00:00:00+00:00,-1,0.0063958373633157,-0.0063958373633157,0.3885246156940221,0.5752015398015866
2022-07-24 00:00:00+00:00,-1,-0.0551751001132353,0.0551751001132353,0.3670877311266481,0.6069383423454262
2022-07-25 00:00:00+00:00,1,-0.0057086869928485,-0.0057086869928485,0.3649921421707311,0.6034735213250179
2022-07-26 00:00:00+00:00,1,0.0796052030234431,0.0796052030234431,0.3940474157501936,0.651513153509368
2022-07-27 00:00:00+00:00,-1,0.0398306162434614,-0.0398306162434614,0.40974256714866725,0.625562983114369
2022-07-28 00:00:00+00:00,-1,-0.0016462880701044,0.0016462880701044,0.4090680128485565,0.6265928399905691
2022-07-29 00:00:00+00:00,-1,-0.0062351636515082,0.0062351636515082,0.40651740684384846,0.6304997488907735
2022-07-30 00:00:00+00:00,1,-0.0134979604487392,-0.0134979604487392,0.4010302509645462,0.6219892882173059
2022-07-31 00:00:00+00:00,1,-0.0009725914343493,-0.0009725914343493,0.40064021237754316,0.6213843467633288
2022-08-01 00:00:00+00:00,-1,-0.014415336683737,0.014415336683737,0.394864848827077,0.6303418113319261
2022-08-02 00:00:00+00:00,-1,-0.0057275961266136,0.0057275961266136,0.3926032224483992,0.6339521546489535
2022-08-03 00:00:00+00:00,-1,-0.0094347365041087,0.0094347365041087,0.38889911449393455,0.6399333261842783
2022-08-04 00:00:00+00:00,-1,0.0290910110856517,-0.0290910110856517,0.4002125829448777,0.6213170186981736
2022-08-05 00:00:00+00:00,-1,-0.0140852216543447,0.0140852216543447,0.39457550000524133,0.630068406624154
2022-08-06 00:00:00+00:00,-1,0.0093466624986442,-0.0093466624986442,0.39826346403402413,0.6241793698763795
2022-08-07 00:00:00+00:00,-1,0.0273385697825798,-0.0273385697825798,0.4091514175373703,0.6071151986161674
2022-08-08 00:00:00+00:00,-1,-0.0270970973442586,0.0270970973442586,0.39806460174781877,0.6235662582522485
2022-08-09 00:00:00+00:00,1,0.0338159839887097,0.0338159839887097,0.41152554794699514,0.6446527648572062
2022-08-10 00:00:00+00:00,-1,0.0004128472653517,-0.0004128472653517,0.41169544514408746,0.6443866217261335
2022-08-11 00:00:00+00:00,1,0.0185866020231928,0.0185866020231928,0.41934746453774185,0.6563635794132269
2022-08-12 00:00:00+00:00,-1,0.0008708010561344,-0.0008708010561344,0.4197126327527486,0.6557920173150658
2022-08-13 00:00:00+00:00,1,-0.0042881625394648,-0.0042881625394648,0.4179128367636381,0.6529798745527352
2022-08-14 00:00:00+00:00,1,-0.0074986152269698,-0.0074986152269698,0.41477906920233615,0.6480834297225092
2022-08-15 00:00:00+00:00,1,-0.010510085263709,-0.010510085263709,0.4104197058194177,0.6412720176181287
2022-08-16 00:00:00+00:00,1,-0.0229153079611996,-0.0229153079611996,0.4010148118672208,0.6265770718475094
2022-08-17 00:00:00+00:00,1,-0.005281958173694,-0.005281958173694,0.39889666840390636,0.6232675179614152
2022-08-18 00:00:00+00:00,1,-0.1005993139879252,-0.1005993139879252,0.3587679372104045,0.56056723322354
2022-08-19 00:00:00+00:00,1,0.0138190436480118,0.0138190436480118,0.36372576699422227,0.5683137362871014
2022-08-20 00:00:00+00:00,1,0.0173891852033534,0.0173891852033534,0.37005066171971657,0.5781962491010075
2022-08-21 00:00:00+00:00,-1,-0.006279006699941,0.006279006699941,0.36772711113546086,0.5818267472229935
2022-08-22 00:00:00+00:00,-1,0.0060367419811229,-0.0060367419811229,0.36994698482484933,0.5783144092722923
2022-08-23 00:00:00+00:00,-1,-0.006181150878381,0.006181150878381,0.3676602866946448,0.581889057891146
2022-08-24 00:00:00+00:00,-1,0.0096230230275919,-0.0096230230275919,0.37119829009983846,0.5762895260875557
2022-08-25 00:00:00+00:00,-1,-0.0620753995849602,0.0620753995849602,0.348156007916637,0.612062928696068
2022-08-26 00:00:00+00:00,-1,-0.0107739901071325,0.0107739901071325,0.3444049785316044,0.618657288634782
2022-08-27 00:00:00+00:00,-1,-0.021201944769558,0.021201944769558,0.33710292319841656,0.6317740262997011
2022-08-28 00:00:00+00:00,-1,0.0347242764174429,-0.0347242764174429,0.3488085782846864,0.6098361303771095
2022-08-29 00:00:00+00:00,-1,-0.0246913829712814,0.0246913829712814,0.34019601209459105,0.624893827821975
2022-08-30 00:00:00+00:00,-1,0.0127775685119702,-0.0127775685119702,0.34454288994662874,0.6169092041242724
2022-08-31 00:00:00+00:00,-1,0.0038592451457939,-0.0038592451457939,0.3458725654221731,0.6145284002728603
2022-09-01 00:00:00+00:00,-1,-0.0078187529742566,0.0078187529742566,0.3431682732725647,0.6193332460302589
2022-09-02 00:00:00+00:00,-1,-0.0068946003642419,0.0068946003642419,0.3408022651706634,0.6236033012539262
2022-09-03 00:00:00+00:00,-1,0.0077967080850369,-0.0077967080850369,0.34345940094691846,0.618741248353184
2022-09-04 00:00:00+00:00,-1,-0.0087228849400632,0.0087228849400632,0.3404634441108754,0.6241384570702398
2022-09-05 00:00:00+00:00,-1,-0.0491966923286369,0.0491966923286369,0.32371376880180464,0.6548440047131946
2022-09-06 00:00:00+00:00,-1,0.024029314602578,-0.024029314602578,0.33149238879352944,0.6391085521083292
2022-09-07 00:00:00+00:00,-1,0.0020481649337233,-0.0020481649337233,0.33217133988005254,0.6377995523830582
2022-09-08 00:00:00+00:00,-1,0.1061218819071676,-0.1061218819071676,0.3674219875837491,0.5701150636046189
2022-09-09 00:00:00+00:00,-1,0.0140023659125891,-0.0140023659125891,0.3725667646982276,0.5621321038717481
2022-09-10 00:00:00+00:00,-1,0.004092001431295,-0.004092001431295,0.3740913084326257,0.559831858498128
2022-09-11 00:00:00+00:00,-1,0.0276166242548017,-0.0276166242548017,0.3844224475345967,0.5443711924161179
2022-09-12 00:00:00+00:00,-1,-0.0927000690608337,0.0927000690608337,0.34878646009960484,0.5948344395478204
2022-09-13 00:00:00+00:00,-1,-0.0027402074343571,0.0027402074343571,0.3478307128486368,0.596464409301281
2022-09-14 00:00:00+00:00,-1,-0.0266724228002328,0.0266724228002328,0.3385532250126316,0.6123735602114558
2022-09-15 00:00:00+00:00,1,0.0036227746152976,0.0036227746152976,0.3397797270421345,0.6145920516004694
2022-09-16 00:00:00+00:00,1,0.0179537579802684,0.0179537579802684,0.34588005002805067,0.6256262885515008
2022-09-17 00:00:00+00:00,1,-0.0351791147852871,-0.0351791147852871,0.33371229604617303,0.6036173095338544
2022-09-18 00:00:00+00:00,1,0.006417415961943,0.006417415961943,0.3358538666615164,0.6074909728909621
2022-09-19 00:00:00+00:00,1,-0.0334289569457899,-0.0334289569457899,0.32462662221281147,0.587183183313234
2022-09-20 00:00:00+00:00,-1,-0.0181775716588069,0.0181775716588069,0.3187256985251817,0.5978567477047567
2022-09-21 00:00:00+00:00,-1,0.0466992878992791,-0.0466992878992791,0.33360996168150797,0.5699372633211656
2022-09-22 00:00:00+00:00,-1,-0.005970680514919,0.005970680514919,0.33161808318371333,0.5733401766340035
2022-09-23 00:00:00+00:00,1,-0.0186876207631864,-0.0186876207631864,0.3254209302069613,0.5626258128447689
2022-09-24 00:00:00+00:00,1,-0.0071243586107314,-0.0071243586107314,0.3231025148007291,0.5586174647904085
2022-09-25 00:00:00+00:00,1,0.0223684732650133,0.0223684732650133,0.3303298247649078,0.5711128846169423
2022-09-26 00:00:00+00:00,1,-0.0058329560390522,-0.0058329560390522,0.3284030254186663,0.5677816082676354
2022-09-27 00:00:00+00:00,1,0.0165444678372135,0.0165444678372135,0.33383627871034904,0.5771752528241806
2022-09-28 00:00:00+00:00,-1,0.0075324127196341,-0.0075324127196341,0.3363508713423822,0.5728277306083497
2022-09-29 00:00:00+00:00,1,-0.0072171538473359,-0.0072171538473359,0.3339233753572187,0.568693544748529
2022-09-30 00:00:00+00:00,1,-0.0061596674907298,-0.0061596674907298,0.3318665183976361,0.5651905816087536
2022-10-01 00:00:00+00:00,1,-0.0138767063590429,-0.0138767063590429,0.3272613041714342,0.5573475978708722
2022-10-02 00:00:00+00:00,1,0.0304279241559197,0.0304279241559197,0.33721918631392994,0.5743065283073712
2022-10-03 00:00:00+00:00,1,0.0363472755244134,0.0363472755244134,0.34947618499100086,0.5951810059272286
2022-10-04 00:00:00+00:00,1,-0.00866048612509,-0.00866048612509,0.3464495513398369,0.5900264490834787
2022-10-05 00:00:00+00:00,1,-0.0101818521418751,-0.0101818521418751,0.34292205323347574,0.5840188870191151
2022-10-06 00:00:00+00:00,1,-0.020475303035953,-0.020475303035953,0.33590062027580914,0.5720609233286787
2022-10-07 00:00:00+00:00,1,-0.0066650766033169,-0.0066650766033169,0.3336618169105692,0.5682480934529289
2022-10-08 00:00:00+00:00,1,0.0015377290838616,0.0015377290838616,0.33417489839060666,0.5691219050730805
2022-10-09 00:00:00+00:00,1,-0.0156811030304613,-0.0156811030304613,0.3289346673787496,0.560197445842737
2022-10-10 00:00:00+00:00,1,-0.0047052989457616,-0.0047052989457616,0.32738693143510794,0.5575615493913949
2022-10-11 00:00:00+00:00,1,0.0055653255796452,0.0055653255796452,0.32920894629906533,0.5606645609444495
2022-10-12 00:00:00+00:00,1,0.0117687395525483,0.0117687395525483,0.33308332064642787,0.5672628761385485
2022-10-13 00:00:00+00:00,1,-0.0101763927558988,-0.0101763927558988,0.3296937339550909,0.5614901863151219
2022-10-14 00:00:00+00:00,1,-0.0061515479500473,-0.0061515479500473,0.327665607141836,0.5580361525105234
2022-10-15 00:00:00+00:00,1,0.0105130493026006,0.0105130493026006,0.3311103718244847,0.5639028140945002
2022-10-16 00:00:00+00:00,-1,0.0146700585002084,-0.0146700585002084,0.3359677803491757,0.5556303268233017
2022-10-17 00:00:00+00:00,-1,-0.011065647631146,0.011065647631146,0.3322500792764134,0.5617787362331068
2022-10-18 00:00:00+00:00,1,-0.0100794799914053,-0.0100794799914053,0.32890117125020396,0.5561162987016482
2022-10-19 00:00:00+00:00,1,-0.0044826021726542,-0.0044826021726542,0.32742683814536927,0.5536234505728398
2022-10-20 00:00:00+00:00,1,0.0062312445831922,0.0062312445831922,0.32946711485695435,0.55707321370035
2022-10-21 00:00:00+00:00,1,0.0018631248583989,0.0018631248583989,0.3300809532286693,0.5581111106527433
2022-10-22 00:00:00+00:00,-1,0.0186804883537121,-0.0186804883537121,0.3362470266312397,0.5476853225501175
2022-10-23 00:00:00+00:00,-1,-0.0113167812369114,0.0113167812369114,0.332441792589292,0.5538833575320845
2022-10-24 00:00:00+00:00,-1,0.0387833012096094,-0.0387833012096094,0.34533498276594504,0.5324019324419279
2022-10-25 00:00:00+00:00,-1,0.0335683106330508,-0.0335683106330508,0.35692729473989154,0.5145300989920808
2022-10-26 00:00:00+00:00,-1,-0.0233314959115013,0.0233314959115013,0.34859964702196455,0.5265348558930589
2022-10-27 00:00:00+00:00,1,0.0152577210006827,0.0152577210006827,0.3539184831771622,0.53456857782141
2022-10-28 00:00:00+00:00,1,0.0108337553414852,0.0108337553414852,0.3577527494347331,0.5403599630067728
2022-10-29 00:00:00+00:00,1,-0.0087841704615604,-0.0087841704615604,0.3546101883006065,0.5356133489811188
